feature,importance
feat_182,626.8000000000001
feat_175,546.4
feat_116,270.59999999999997
feat_97,234.8
feat_306,224.2
feat_44,219.20000000000002
feat_250,167.6
feat_72,153.6
feat_190,143.0
feat_296,141.0
feat_253,140.79999999999998
feat_187,136.8
feat_334,135.4
feat_169,135.4
feat_15,87.6
feat_313,85.60000000000001
feat_142,77.0
feat_219,75.2
feat_325,71.4
feat_221,70.4
feat_117,69.2
feat_47,67.8
feat_92,66.6
feat_54,65.0
feat_350,64.2
feat_298,61.599999999999994
feat_186,60.8
feat_80,59.800000000000004
feat_312,59.800000000000004
feat_215,58.599999999999994
feat_328,58.0
feat_57,56.599999999999994
feat_159,56.2
feat_305,56.199999999999996
feat_181,55.99999999999999
feat_23,55.8
feat_193,55.4
feat_105,55.2
feat_242,55.2
feat_151,54.800000000000004
feat_5,53.0
feat_157,52.400000000000006
feat_7,52.4
feat_180,52.0
feat_183,51.800000000000004
feat_227,51.4
feat_191,51.4
feat_261,49.39999999999999
feat_69,49.2
feat_119,46.2
feat_280,45.8
feat_132,41.400000000000006
feat_320,39.8
feat_73,38.99999999999999
feat_130,37.4
feat_337,23.799999999999997
feat_299,19.0
feat_318,17.0
feat_147,12.600000000000001
feat_136,11.400000000000002
feat_122,10.2
feat_268,10.0
feat_103,10.0
feat_146,9.8
feat_217,8.8
feat_71,8.4
feat_143,8.0
feat_85,7.6
feat_109,7.4
feat_22,7.0
feat_285,6.6000000000000005
feat_275,6.3999999999999995
feat_67,6.0
feat_198,6.0
feat_244,5.6
feat_53,5.4
feat_243,5.0
feat_18,5.0
feat_115,5.0
feat_9,4.8
feat_331,4.6
feat_346,4.6
feat_229,4.6
feat_288,4.6
feat_129,4.3999999999999995
feat_155,4.2
feat_332,4.2
feat_65,3.8000000000000003
feat_245,3.8
feat_56,3.4000000000000004
feat_108,3.2
feat_162,3.0
feat_203,3.0
feat_111,3.0
feat_137,2.9999999999999996
feat_211,2.8
feat_339,2.8
feat_41,2.8
feat_55,2.6
feat_265,2.6
feat_150,2.6
feat_344,2.2
feat_197,2.1999999999999997
feat_164,2.0
feat_46,1.8
feat_95,1.8
feat_223,1.6
feat_333,1.6
feat_125,1.6
feat_293,1.6
feat_134,1.5999999999999999
feat_35,1.4000000000000001
feat_192,1.4000000000000001
feat_233,1.4
feat_3,1.4
feat_148,1.2000000000000002
feat_202,1.2
feat_25,1.0
feat_110,0.8
feat_214,0.8
feat_16,0.8
feat_230,0.8
feat_59,0.8
feat_91,0.8
feat_239,0.8
feat_247,0.8
feat_338,0.8
feat_48,0.8
feat_173,0.6000000000000001
feat_8,0.6000000000000001
feat_228,0.6000000000000001
feat_234,0.6000000000000001
feat_240,0.6000000000000001
feat_177,0.6000000000000001
feat_123,0.6000000000000001
feat_29,0.6000000000000001
feat_281,0.6000000000000001
feat_259,0.6000000000000001
feat_341,0.6000000000000001
feat_176,0.6000000000000001
feat_270,0.6
feat_24,0.6
feat_251,0.4
feat_163,0.4
feat_314,0.4
feat_34,0.4
feat_249,0.4
feat_188,0.4
feat_20,0.4
feat_81,0.4
feat_235,0.4
feat_205,0.4
feat_210,0.4
feat_206,0.2
feat_324,0.2
feat_33,0.2
feat_327,0.2
feat_216,0.2
feat_120,0.2
feat_283,0.2
feat_264,0.2
feat_266,0.2
feat_199,0.2
feat_102,0.2
feat_310,0.2
feat_300,0.2
feat_297,0.2
feat_27,0.2
feat_179,0.2
feat_107,0.2
feat_237,0.2
feat_36,0.0
feat_311,0.0
feat_13,0.0
feat_336,0.0
feat_12,0.0
feat_17,0.0
feat_19,0.0
feat_174,0.0
feat_172,0.0
feat_171,0.0
feat_170,0.0
feat_165,0.0
feat_167,0.0
feat_160,0.0
feat_161,0.0
feat_153,0.0
feat_152,0.0
feat_158,0.0
feat_156,0.0
feat_149,0.0
feat_77,0.0
feat_78,0.0
feat_145,0.0
feat_62,0.0
feat_61,0.0
feat_60,0.0
feat_76,0.0
feat_75,0.0
feat_74,0.0
feat_68,0.0
feat_66,0.0
feat_141,0.0
feat_140,0.0
feat_139,0.0
feat_144,0.0
feat_138,0.0
feat_131,0.0
feat_133,0.0
feat_135,0.0
feat_6,0.0
feat_10,0.0
feat_11,0.0
feat_128,0.0
feat_127,0.0
feat_126,0.0
feat_124,0.0
feat_2,0.0
feat_329,0.0
feat_326,0.0
feat_321,0.0
feat_323,0.0
feat_316,0.0
feat_335,0.0
feat_184,0.0
feat_112,0.0
feat_204,0.0
feat_201,0.0
feat_51,0.0
feat_194,0.0
feat_38,0.0
feat_39,0.0
feat_40,0.0
feat_43,0.0
feat_189,0.0
feat_195,0.0
feat_113,0.0
feat_114,0.0
feat_121,0.0
feat_118,0.0
feat_106,0.0
feat_185,0.0
feat_238,0.0
feat_236,0.0
feat_232,0.0
feat_101,0.0
feat_220,0.0
feat_104,0.0
feat_225,0.0
feat_222,0.0
feat_87,0.0
feat_88,0.0
feat_90,0.0
feat_93,0.0
feat_94,0.0
feat_96,0.0
feat_98,0.0
feat_99,0.0
feat_207,0.0
feat_86,0.0
feat_209,0.0
feat_213,0.0
feat_276,0.0
feat_269,0.0
feat_274,0.0
feat_272,0.0
feat_271,0.0
feat_255,0.0
feat_256,0.0
feat_252,0.0
feat_263,0.0
feat_258,0.0
feat_254,0.0
feat_246,0.0
feat_294,0.0
feat_292,0.0
feat_291,0.0
feat_289,0.0
feat_286,0.0
feat_284,0.0
feat_282,0.0
feat_279,0.0
feat_273,0.0
feat_278,0.0
feat_277,0.0
feat_347,0.0
feat_343,0.0
feat_301,0.0
feat_340,0.0
feat_295,0.0
feat_84,0.0
feat_83,0.0
feat_82,0.0
feat_79,0.0
feat_348,0.0
feat_349,0.0
feat_309,0.0
feat_302,0.0
feat_21,0.0
feat_303,0.0
feat_307,0.0
feat_28,0.0
feat_30,0.0
feat_31,0.0
feat_32,0.0
feat_1,0.0
